1657683552,Fap Fap,02938473829,13 Thuan an,2022-07-13T03:39:22.538Z
1657683614,Ni Na,0982748317,11 Hoang Hoa Tham,2022-07-13T03:40:27.484Z
1657683883,Fap Ne,02938298372,22 Tay Loc,2022-07-13T03:44:51.254Z
1657684267,An An,0987875649,43 Hem Nho,2022-07-13T03:51:13.962Z
1657684665,Thiên Trần,0888574197,22 Hoang Dieu,2022-07-13T03:57:57.101Z
1657684719,Thành Phan,0928371947,300 Le Duan,2022-07-13T03:58:48.427Z
1657684730,Thành Phan,0928371947,300 Le Duan,2022-07-13T03:58:59.102Z
1657684902,Vũ Nguyễn,09876567898,329 Le Duan,2022-07-13T04:01:47.796Z
1657684913,Vũ Nguyễn,09876567898,329 Le Duan,2022-07-13T04:02:04.142Z
1657685031,TheShy Thuan An,0456788543,32 Thuan AN,2022-07-13T04:03:57.186Z
1657685368,Nguyên Văn Hà,0972938492,34 Thuy Xuan,2022-07-13T04:09:37.113Z
1657685488,Nguyên Văn Bảo,0345678927,43 Le NGo Cat,2022-07-13T04:11:35.476Z
1657685498,Nguyên Văn Bảo,0345678927,43 Le NGo Cat,2022-07-13T04:11:43.263Z
1657685535,Nguyễn Văn Nghĩa,0563842321,43 Dien Bien,2022-07-13T04:12:21.703Z
1657685771,Faker Thủy Phù,04567899876,48 Thuy Phu,2022-07-13T04:16:35.411Z
1657686189,Hoàng Nhĩa,09987878966,33 Le Huan,2022-07-13T04:23:15.485Z
1657686763,Faker Thủy Phù,0738294827,22 LE LE,2022-07-13T04:32:50.286Z
1657686831,Vũ Thành Pháp,0987857428,22 Thuy Xuan,2022-07-13T04:34:00.900Z
1657686960,Lê Nguyễn,0345632879,22 Ma no,2022-07-13T04:36:06.375Z
